,labels,true_neg,false_neg,true_pos,false_pos,precision,recall,f_1
0,Unknown,0,0,365,6,0.9838274932614556,1.0,0.9918478260869567
1,Feminine,367,4,0,0,0.0,0.0,0.0
2,Masculine,348,5,18,0,1.0,0.782608695652174,0.878048780487805
3,Generalization,356,1,10,4,0.7142857142857143,0.9090909090909091,0.8
4,Gendered-Pronoun,352,1,18,0,1.0,0.9473684210526315,0.972972972972973
5,Gendered-Role,355,5,9,2,0.8181818181818182,0.6428571428571429,0.7200000000000001
6,Occupation,347,5,18,1,0.9473684210526315,0.782608695652174,0.8571428571428571
7,Omission,351,10,7,3,0.7,0.4117647058823529,0.5185185185185185
8,Stereotype,356,4,9,2,0.8181818181818182,0.6923076923076923,0.7500000000000001
