,labels,true_neg,false_neg,true_pos,false_pos,precision,recall,f_1
0,Unknown,2721,467,1976,350,0.8495270851246776,0.8088415882112158,0.8286852589641435
1,Feminine,5381,104,24,5,0.8275862068965517,0.1875,0.30573248407643316
2,Masculine,4950,188,335,41,0.8909574468085106,0.6405353728489483,0.7452725250278087
3,Generalization,5221,161,107,25,0.8106060606060606,0.39925373134328357,0.535
4,Gendered-Pronoun,5246,108,147,13,0.91875,0.5764705882352941,0.7084337349397589
5,Gendered-Role,5113,212,170,19,0.8994708994708994,0.44502617801047123,0.5954465849387041
6,Occupation,5096,274,134,10,0.9305555555555556,0.3284313725490196,0.4855072463768116
7,Omission,4649,409,395,61,0.8662280701754386,0.49129353233830847,0.626984126984127
8,Stereotype,5193,124,191,6,0.9695431472081218,0.6063492063492063,0.7460937499999999
