,labels,true_neg,false_neg,true_pos,false_pos,precision,recall,f_1
0,Unknown,2721,467,1976,350,0.8495270851246776,0.8088415882112158,0.8286852589641435
1,Feminine,5381,104,24,5,0.8275862068965517,0.1875,0.30573248407643316
2,Masculine,4950,188,335,41,0.8909574468085106,0.6405353728489483,0.7452725250278087
