,labels,true_neg,false_neg,true_pos,false_pos,precision,recall,f_1
0,Unknown,2568,429,2014,503,0.8001589193484306,0.8243962341383545,0.8120967741935484
1,Feminine,5386,128,0,0,0.0,0.0,0.0
2,Masculine,4988,447,76,3,0.9620253164556962,0.14531548757170173,0.2524916943521595
3,Generalization,5246,268,0,0,0.0,0.0,0.0
4,Gendered-Pronoun,5259,253,2,0,1.0,0.00784313725490196,0.01556420233463035
5,Gendered-Role,5132,382,0,0,0.0,0.0,0.0
6,Occupation,5106,381,27,0,1.0,0.0661764705882353,0.12413793103448276
7,Omission,4709,719,85,1,0.9883720930232558,0.10572139303482588,0.19101123595505615
8,Stereotype,5199,313,2,0,1.0,0.006349206349206349,0.012618296529968454
