,labels,true_neg,false_neg,true_pos,false_pos,precision,recall,f_1
0,Unknown,0,0,365,6,0.9838274932614556,1.0,0.9918478260869567
1,Feminine,367,4,0,0,0.0,0.0,0.0
2,Masculine,348,5,18,0,1.0,0.782608695652174,0.878048780487805
3,Generalization,357,8,3,3,0.5,0.2727272727272727,0.3529411764705882
4,Gendered-Pronoun,352,1,18,0,1.0,0.9473684210526315,0.972972972972973
5,Gendered-Role,357,13,1,0,1.0,0.07142857142857142,0.13333333333333333
6,Occupation,346,6,17,2,0.8947368421052632,0.7391304347826086,0.8095238095238095
7,Omission,354,16,1,0,1.0,0.058823529411764705,0.1111111111111111
8,Stereotype,358,13,0,0,0.0,0.0,0.0
