,labels,true_neg,false_neg,true_pos,false_pos,precision,recall,f_1
0,Unknown,0,0,365,6,0.9838274932614556,1.0,0.9918478260869567
1,Feminine,367,4,0,0,0.0,0.0,0.0
2,Masculine,348,10,13,0,1.0,0.5652173913043478,0.7222222222222222
3,Generalization,357,5,6,3,0.6666666666666666,0.5454545454545454,0.6
4,Gendered-Pronoun,352,6,13,0,1.0,0.6842105263157895,0.8125000000000001
5,Gendered-Role,357,12,2,0,1.0,0.14285714285714285,0.25
6,Occupation,348,10,13,0,1.0,0.5652173913043478,0.7222222222222222
7,Omission,354,14,3,0,1.0,0.17647058823529413,0.3
8,Stereotype,358,6,7,0,1.0,0.5384615384615384,0.7000000000000001
