,labels,true_neg,false_neg,true_pos,false_pos,precision,recall,f_1
0,Unknown,3071,2442,1,0,1.0,0.00040933278755628325,0.0008183306055646482
1,Feminine,5386,128,0,0,0.0,0.0,0.0
2,Masculine,4991,523,0,0,0.0,0.0,0.0
3,Generalization,5246,268,0,0,0.0,0.0,0.0
4,Gendered-Pronoun,5259,255,0,0,0.0,0.0,0.0
5,Gendered-Role,5132,382,0,0,0.0,0.0,0.0
6,Occupation,5106,408,0,0,0.0,0.0,0.0
7,Omission,4710,804,0,0,0.0,0.0,0.0
8,Stereotype,5199,315,0,0,0.0,0.0,0.0
