,labels,true_neg,false_neg,true_pos,false_pos,precision,recall,f_1
0,Unknown,3063,2370,73,8,0.9012345679012346,0.029881293491608677,0.05784469096671949
1,Feminine,5386,128,0,0,0.0,0.0,0.0
2,Masculine,4991,503,20,0,1.0,0.03824091778202677,0.07366482504604051
