,labels,true_neg,false_neg,true_pos,false_pos,precision,recall,f_1
0,Unknown,2405,552,1891,666,0.7395385217051232,0.7740483012689316,0.7564000000000002
1,Feminine,5138,69,59,248,0.19218241042345277,0.4609375,0.271264367816092
2,Masculine,4594,180,343,397,0.4635135135135135,0.655831739961759,0.5431512272367378
