,labels,true_neg,false_neg,true_pos,false_pos,precision,recall,f_1
0,Unknown,2669,367,2076,402,0.837772397094431,0.849774866966844,0.8437309489941068
1,Feminine,5374,83,45,12,0.7894736842105263,0.3515625,0.4864864864864865
2,Masculine,4933,112,411,58,0.8763326226012793,0.7858508604206501,0.8286290322580646
