,labels,true_neg,false_neg,true_pos,false_pos,precision,recall,f_1
0,Omission,4142,341,463,568,0.44907856450048494,0.5758706467661692,0.5046321525885559
1,Stereotype,4817,112,203,382,0.347008547008547,0.6444444444444445,0.45111111111111113
