,labels,true_neg,false_neg,true_pos,false_pos,precision,recall,f_1
0,Unknown,273,36,1758,285,0.8604992657856094,0.979933110367893,0.9163408913213449
1,Feminine,2221,99,29,3,0.90625,0.2265625,0.3625
2,Masculine,1763,146,377,66,0.8510158013544018,0.7208413001912046,0.7805383022774327
3,Generalization,2056,162,123,11,0.917910447761194,0.43157894736842106,0.5871121718377088
4,Gendered-Pronoun,2096,112,136,8,0.9444444444444444,0.5483870967741935,0.6938775510204082
5,Gendered-Role,1975,170,192,15,0.927536231884058,0.5303867403314917,0.6748681898066783
6,Occupation,1963,231,129,29,0.8164556962025317,0.35833333333333334,0.4980694980694981
7,Omission,1411,323,484,134,0.7831715210355987,0.5997521685254027,0.6792982456140351
8,Stereotype,2021,98,209,24,0.8969957081545065,0.6807817589576547,0.774074074074074
