,labels,true_neg,false_neg,true_pos,false_pos,precision,recall,f_1
0,Unknown,267,43,1729,311,0.8475490196078431,0.9757336343115124,0.9071353620146906
1,Feminine,2233,89,25,3,0.8928571428571429,0.21929824561403508,0.35211267605633806
2,Masculine,1767,132,400,51,0.8869179600886918,0.7518796992481203,0.8138351983723295
3,Generalization,2059,158,112,21,0.8421052631578947,0.4148148148148148,0.5558312655086849
4,Gendered-Pronoun,2100,101,140,9,0.9395973154362416,0.5809128630705395,0.717948717948718
5,Gendered-Role,1946,191,196,17,0.92018779342723,0.5064599483204134,0.6533333333333333
6,Occupation,1959,235,138,18,0.8846153846153846,0.3699731903485255,0.5217391304347826
7,Omission,1479,276,477,118,0.8016806722689076,0.6334661354581673,0.7077151335311573
8,Stereotype,2029,89,205,27,0.8836206896551724,0.6972789115646258,0.779467680608365
