,labels,true_neg,false_neg,true_pos,false_pos,precision,recall,f_1
0,Unknown,266,37,1739,308,0.8495359062042013,0.9791666666666666,0.909756735547999
1,Feminine,2232,88,28,2,0.9333333333333333,0.2413793103448276,0.3835616438356165
2,Masculine,1782,127,391,50,0.8866213151927438,0.7548262548262549,0.8154327424400417
3,Generalization,2066,153,114,17,0.8702290076335878,0.42696629213483145,0.5728643216080401
4,Gendered-Pronoun,2100,101,140,9,0.9395973154362416,0.5809128630705395,0.717948717948718
5,Gendered-Role,1951,186,195,18,0.9154929577464789,0.5118110236220472,0.6565656565656565
6,Occupation,1966,235,134,15,0.8993288590604027,0.36314363143631434,0.5173745173745173
7,Omission,1481,274,477,118,0.8016806722689076,0.6351531291611185,0.7087667161961367
8,Stereotype,2035,78,213,24,0.8987341772151899,0.7319587628865979,0.8068181818181818
