,labels,true_neg,false_neg,true_pos,false_pos,precision,recall,f_1
0,Unknown,253,33,1761,305,0.8523717328170377,0.9816053511705686,0.9124352331606218
1,Feminine,2224,128,0,0,0.0,0.0,0.0
2,Masculine,1783,265,258,46,0.8486842105263158,0.4933078393881453,0.6239419588875453
3,Generalization,2067,285,0,0,0.0,0.0,0.0
4,Gendered-Pronoun,2104,240,8,0,1.0,0.03225806451612903,0.0625
5,Gendered-Role,1990,354,8,0,1.0,0.022099447513812154,0.043243243243243246
6,Occupation,1992,335,25,0,1.0,0.06944444444444445,0.12987012987012989
7,Omission,1410,344,463,135,0.774247491638796,0.573729863692689,0.6590747330960856
8,Stereotype,2042,202,105,3,0.9722222222222222,0.34201954397394135,0.5060240963855421
