,labels,true_neg,false_neg,true_pos,false_pos,precision,recall,f_1
0,Unknown,235,37,1735,343,0.8349374398460058,0.9791196388261851,0.9012987012987013
1,Feminine,2236,113,1,0,1.0,0.008771929824561403,0.017391304347826087
2,Masculine,1782,232,300,36,0.8928571428571429,0.5639097744360902,0.6912442396313364
3,Generalization,2080,270,0,0,0.0,0.0,0.0
4,Gendered-Pronoun,2107,234,7,2,0.7777777777777778,0.029045643153526972,0.055999999999999994
5,Gendered-Role,1963,375,12,0,1.0,0.031007751937984496,0.06015037593984962
6,Occupation,1977,352,21,0,1.0,0.05630026809651475,0.1065989847715736
7,Omission,1465,305,448,132,0.7724137931034483,0.5949535192563081,0.6721680420105026
8,Stereotype,2054,202,92,2,0.9787234042553191,0.3129251700680272,0.4742268041237114
