,labels,true_neg,false_neg,true_pos,false_pos,precision,recall,f_1
0,Unknown,239,39,1737,335,0.8383204633204633,0.9780405405405406,0.9028066528066527
1,Feminine,2234,115,1,0,1.0,0.008620689655172414,0.017094017094017096
2,Masculine,1793,226,292,39,0.8821752265861027,0.5637065637065637,0.6878680800942285
3,Generalization,2083,267,0,0,0.0,0.0,0.0
4,Gendered-Pronoun,2107,236,5,2,0.7142857142857143,0.02074688796680498,0.04032258064516129
5,Gendered-Role,1969,369,12,0,1.0,0.031496062992125984,0.06106870229007634
6,Occupation,1981,350,19,0,1.0,0.051490514905149054,0.09793814432989692
7,Omission,1472,296,455,127,0.781786941580756,0.6058588548601864,0.6826706676669166
8,Stereotype,2057,186,105,2,0.9813084112149533,0.36082474226804123,0.5276381909547738
