,labels,true_neg,false_neg,true_pos,false_pos,precision,recall,f_1
0,Unknown,0,0,1776,574,0.7557446808510638,1.0,0.8608822103732428
1,Feminine,2234,116,0,0,0.0,0.0,0.0
2,Masculine,1831,507,11,1,0.9166666666666666,0.021235521235521235,0.04150943396226415
3,Generalization,2083,267,0,0,0.0,0.0,0.0
4,Gendered-Pronoun,2109,240,1,0,1.0,0.004149377593360996,0.008264462809917356
5,Gendered-Role,1969,381,0,0,0.0,0.0,0.0
6,Occupation,1981,364,5,0,1.0,0.013550135501355014,0.026737967914438505
7,Omission,1597,747,4,2,0.6666666666666666,0.005326231691078562,0.010568031704095112
8,Stereotype,2059,291,0,0,0.0,0.0,0.0
