,labels,true_neg,false_neg,true_pos,false_pos,precision,recall,f_1
0,Unknown,0,0,1772,578,0.7540425531914894,1.0,0.8597768073750607
1,Feminine,2236,114,0,0,0.0,0.0,0.0
2,Masculine,1817,525,7,1,0.875,0.013157894736842105,0.02592592592592592
3,Generalization,2080,270,0,0,0.0,0.0,0.0
4,Gendered-Pronoun,2109,239,2,0,1.0,0.008298755186721992,0.01646090534979424
5,Gendered-Role,1963,387,0,0,0.0,0.0,0.0
6,Occupation,1977,371,2,0,1.0,0.005361930294906166,0.010666666666666666
7,Omission,1596,746,7,1,0.875,0.009296148738379814,0.018396846254927726
8,Stereotype,2056,294,0,0,0.0,0.0,0.0
