,labels,true_neg,false_neg,true_pos,false_pos,precision,recall,f_1
0,Unknown,0,0,1794,558,0.7627551020408163,1.0,0.8654124457308249
1,Feminine,2224,127,1,0,1.0,0.0078125,0.015503875968992248
2,Masculine,1828,514,9,1,0.9,0.017208413001912046,0.03377110694183865
3,Generalization,2067,285,0,0,0.0,0.0,0.0
4,Gendered-Pronoun,2104,247,1,0,1.0,0.004032258064516129,0.008032128514056224
5,Gendered-Role,1990,361,1,0,1.0,0.0027624309392265192,0.005509641873278237
6,Occupation,1992,355,5,0,1.0,0.013888888888888888,0.0273972602739726
7,Omission,1543,803,4,2,0.6666666666666666,0.004956629491945477,0.009840098400984008
8,Stereotype,2045,307,0,0,0.0,0.0,0.0
