,labels,true_neg,false_neg,true_pos,false_pos,precision,recall,f_1
0,Unknown,2790,433,1960,332,0.8551483420593369,0.8190555787714167,0.8367129135538954
1,Feminine,5373,113,26,3,0.896551724137931,0.18705035971223022,0.30952380952380953
2,Masculine,4920,213,348,34,0.9109947643979057,0.6203208556149733,0.7380699893955462
3,Generalization,5197,160,142,16,0.8987341772151899,0.47019867549668876,0.6173913043478261
4,Gendered-Pronoun,5242,112,151,10,0.937888198757764,0.5741444866920152,0.7122641509433962
5,Gendered-Role,5124,232,151,8,0.949685534591195,0.39425587467362927,0.5571955719557196
6,Occupation,5118,254,132,11,0.9230769230769231,0.34196891191709844,0.49905482041587895
7,Omission,4624,414,414,63,0.8679245283018868,0.5,0.6344827586206897
8,Stereotype,5176,109,220,10,0.9565217391304348,0.668693009118541,0.7871198568872988
