,labels,true_neg,false_neg,true_pos,false_pos,precision,recall,f_1
0,Unknown,2718,471,1972,353,0.8481720430107527,0.8072042570609906,0.8271812080536912
1,Feminine,5384,109,19,2,0.9047619047619048,0.1484375,0.2550335570469799
2,Masculine,4964,214,309,27,0.9196428571428571,0.5908221797323135,0.7194412107101281
3,Generalization,5236,187,81,10,0.8901098901098901,0.30223880597014924,0.4512534818941504
4,Gendered-Pronoun,5250,122,133,9,0.9366197183098591,0.5215686274509804,0.6700251889168767
5,Gendered-Role,5124,250,132,8,0.9428571428571428,0.34554973821989526,0.5057471264367815
6,Occupation,5093,266,142,13,0.9161290322580645,0.3480392156862745,0.5044404973357016
7,Omission,4670,427,377,40,0.9040767386091128,0.4689054726368159,0.6175266175266175
8,Stereotype,5196,142,173,3,0.9829545454545454,0.5492063492063493,0.704684317718941
