,labels,true_neg,false_neg,true_pos,false_pos,precision,recall,f_1
0,Unknown,2738,334,2059,384,0.8428162095783872,0.8604262432093607,0.8515301902398678
1,Feminine,5367,77,62,9,0.8732394366197183,0.4460431654676259,0.5904761904761905
2,Masculine,4902,119,442,52,0.8947368421052632,0.7878787878787878,0.837914691943128
3,Generalization,5197,131,171,16,0.9144385026737968,0.5662251655629139,0.6993865030674846
4,Gendered-Pronoun,5237,51,212,15,0.933920704845815,0.8060836501901141,0.8653061224489796
5,Gendered-Role,5117,157,226,15,0.9377593360995851,0.5900783289817232,0.7243589743589743
6,Occupation,5119,232,154,10,0.9390243902439024,0.39896373056994816,0.5599999999999999
7,Omission,4600,363,465,87,0.842391304347826,0.5615942028985508,0.6739130434782609
8,Stereotype,5172,80,249,14,0.9467680608365019,0.756838905775076,0.8412162162162162
