,labels,true_neg,false_neg,true_pos,false_pos,precision,recall,f_1
0,Unknown,2677,378,2065,394,0.8397722651484343,0.8452722063037249,0.8425132598939208
1,Feminine,5374,83,45,12,0.7894736842105263,0.3515625,0.4864864864864865
2,Masculine,4930,112,411,61,0.8707627118644068,0.7858508604206501,0.8261306532663316
3,Generalization,5223,139,129,23,0.8486842105263158,0.48134328358208955,0.6142857142857142
4,Gendered-Pronoun,5243,46,209,16,0.9288888888888889,0.8196078431372549,0.8708333333333333
5,Gendered-Role,5102,132,250,30,0.8928571428571429,0.6544502617801047,0.7552870090634441
6,Occupation,5094,259,149,12,0.9254658385093167,0.36519607843137253,0.523725834797891
7,Omission,4636,376,428,74,0.852589641434263,0.5323383084577115,0.655436447166922
8,Stereotype,5181,92,223,18,0.9253112033195021,0.707936507936508,0.8021582733812951
